Name,2030+ Projection,CAGR,Current Market Size,D/acc Alignment,Description,Key Implementations,Key Institutional Players,Market Research,Primitives,Projects,Quadrant,Regulatory Context,Required Primitives,Transformation Timeline
Resilient Manufacturing,$6B+,22%,$1.2B (open manufacturing),,"Decentralized, open-source manufacturing systems including robotics, 3D printing, and assistive technology. Reduces supply chain vulnerabilities and enables local production capabilities.","k-scale, SalvageGarden, Simula, FarmHack, Open Source Ecology","Fab Foundation, Maker Movement, RepRap Project",,,"Oxide Computer Company (https://www.notion.so/Oxide-Computer-Company-2ff06d2570f281afbeedf3588970ed3c?pvs=21), Glia (https://www.notion.so/Glia-2ff06d2570f2814083d5f36d51660bf0?pvs=21), AheadComputing (https://www.notion.so/AheadComputing-2ff06d2570f281028717e0202fc8d754?pvs=21)",Physical Defense,"Product safety standards, manufacturing compliance varies by jurisdiction","CAD/CAM sharing protocols, decentralized supply coordination",7-15 years for widespread resilient manufacturing
Open Source Hardware & Silicon,$5B+,25%,$800M (open hardware),,"Open-source hardware, silicon, and mobile operating systems that reduce dependence on centralized manufacturers. Enables hardware-level privacy and security without corporate gatekeeping.","GrapheneOS, Freedom Factory (ethOS), Nanographs, Open Silicon Initiatives, RISC-V","RISC-V Foundation, Linux Foundation, Mozilla, Open Compute Project",,,,Physical Defense,"Export controls on semiconductors, open source licensing frameworks","Formal verification, secure boot, hardware attestation",5-10 years for RISC-V mainstream adoption
Biodefense & Health Systems,$8B+,18%,$2.5B (biosecurity tech),,"Technologies protecting human health through decentralized pathogen surveillance, open-source medical devices, and resilient healthcare infrastructure. Core d/acc domain for defending against biological threats.","Varro Inc., Pathoplexus, OSLUV, Openwater, MediLedger","Balvi, Gates Foundation, BARDA, DARPA",,,"Uviquity (https://www.notion.so/Uviquity-2ff06d2570f2816785a0cedec8730e34?pvs=21), Glia (https://www.notion.so/Glia-2ff06d2570f2814083d5f36d51660bf0?pvs=21)",Physical Defense,"FDA medical device pathways, CDC surveillance partnerships, WHO pandemic preparedness","Secure data sharing, privacy-preserving computation, decentralized storage",5-10 years for widespread adoption
Property Rights & Registries,,,,,,,,,,,Physical Coordination,,,
Decentralized Energy,$25B+,28%,$3.5B (blockchain energy),,"Peer-to-peer energy trading, decentralized grid management, and renewable energy coordination without centralized utilities. Enables energy sovereignty and resilience.","Power Ledger, Energy Web Foundation, LO3 Energy, WePower","Energy Web Foundation, Rocky Mountain Institute, IEA",,,"Lunar Energy (https://www.notion.so/Lunar-Energy-2ff06d2570f2817886faee6c442e2bf9?pvs=21), Sourceful Energy (https://www.notion.so/Sourceful-Energy-2ff06d2570f281e8ade2e6d7417ae1ff?pvs=21), Exnaton (https://www.notion.so/Exnaton-2ff06d2570f281cd9541e89ad2fd7ed0?pvs=21)",Physical Coordination,"Utility regulations vary by jurisdiction, net metering policies, grid interconnection rules","Oracles for energy data, smart contracts for trading, IoT integration",5-10 years for P2P energy mainstream
Civic Tech,$2B+,15%,$500M (civic tech),,"Community-driven technology for civic engagement, urban farming, maker spaces, and local coordination. Grassroots d/acc applications.","http://Better.SG, Edible Garden City, Soil Social, Chiang Mai Maker Club","Code for America, mySociety, Civic Tech communities",,,CitizenLab (https://www.notion.so/CitizenLab-2ff06d2570f281ee8802c734f89a5a52?pvs=21),Physical Coordination,"Varies by application, generally light-touch regulation","Local coordination tools, community governance, resource sharing",Ongoing grassroots growth
Carbon & Environmental Markets,$50B+,35%,$2B (voluntary carbon),,"On-chain carbon credits, environmental tokenization, and decentralized climate markets. Enables transparent and tradeable environmental assets.","Toucan Protocol, KlimaDAO, Verra (centralization concern)","Gold Standard, Verra, Climate Action Reserve",,,OriginTrail (https://www.notion.so/OriginTrail-2ff06d2570f28153801fd05ab77fc084?pvs=21),Physical Coordination,"Voluntary carbon market standards, Article 6 of Paris Agreement","Oracles for verification, tokenization standards, MRV systems",3-5 years for mainstream adoption
Privacy-Preserving Computation,$20B+,40%,$1.5B (privacy computing),,"Fully Homomorphic Encryption (FHE), Multi-Party Computation (MPC), and secure enclaves enabling computation on encrypted data without decryption.","Zama (FHE), ZenGo (MPC), Fireblocks, Inco Network","DARPA, Microsoft Research, Intel SGX, a16z",,,"Zama (https://www.notion.so/Zama-2fc06d2570f281159631dae2afb59571?pvs=21), ZenGo (https://www.notion.so/ZenGo-2fc06d2570f281f5abb2c825aea9192e?pvs=21)",Digital Defense,"Favorable for GDPR compliance, healthcare privacy, financial confidentiality","FHE libraries, MPC protocols, trusted execution environments",3-7 years for practical FHE performance
Zero-Knowledge Systems,$50B+,45%,$4B (ZK infrastructure),,Zero-knowledge proof infrastructure enabling verification without revealing underlying data. Core d/acc primitive for privacy-preserving computation and scaling.,"Aztec Network, zkSync, StarkNet, Polygon, Scroll, Taceo","Ethereum Foundation, a16z, Paradigm, Protocol Labs",,,"Aztec Network (https://www.notion.so/Aztec-Network-2fc06d2570f2819c9de0de7003ebb968?pvs=21), zkSync (https://www.notion.so/zkSync-2fc06d2570f2814da95fca57117890aa?pvs=21), StarkNet (https://www.notion.so/StarkNet-2fc06d2570f281d2871fe51a91f2e32c?pvs=21), Polygon (https://www.notion.so/Polygon-2fc06d2570f28129b770dab57a24cf00?pvs=21), Scroll (https://www.notion.so/Scroll-2fc06d2570f281ce9917f4216c3f6c34?pvs=21), Phala Network (https://www.notion.so/Phala-Network-2ff06d2570f281d1a101ea8df1db0a5f?pvs=21)",Digital Defense,"Privacy regulations (GDPR) may favor ZK, sanctions compliance discussions ongoing","Cryptographic primitives, proving systems, verifier contracts",2-5 years for mainstream ZK adoption
Decentralized Identity & Attestation,$30B+,35%,$3B (digital identity),,"Self-sovereign identity, verifiable credentials, and attestation systems. Enables users to control their digital identity without centralized authorities.","ENS, Worldcoin, Polygon ID, EAS, Gitcoin Passport, QuarkID","W3C, DIF, Ethereum Foundation, governments (Buenos Aires)",,,"ENS (https://www.notion.so/ENS-2fc06d2570f2811a9db2f8b53aad393b?pvs=21), Worldcoin (https://www.notion.so/Worldcoin-2fc06d2570f281418d9efc157773ea4c?pvs=21), EAS (https://www.notion.so/EAS-2fc06d2570f28169b259f8f2564f4943?pvs=21), Polygon ID (https://www.notion.so/Polygon-ID-2fc06d2570f28160ae0edb291f796310?pvs=21), Gitcoin Passport (https://www.notion.so/Gitcoin-Passport-2fc06d2570f281d0b290e80170a6f055?pvs=21)",Digital Defense,"eIDAS 2.0 in EU, digital ID frameworks emerging globally","DID standards, verifiable credentials, ZK attestations",2-5 years for widespread adoption
Formal Verification & Security,$15B+,35%,$2B (blockchain security),,"Smart contract auditing, formal verification, bug bounties, and security tooling. Essential infrastructure for ensuring d/acc systems are secure.","Trail of Bits, OpenZeppelin, Spearbit, Immunefi, Code4rena","Ethereum Foundation, major protocols, security researchers",,,"OpenZeppelin (https://www.notion.so/OpenZeppelin-2fc06d2570f281f2addef937ddfc1379?pvs=21), Immunefi (https://www.notion.so/Immunefi-2fc06d2570f2818d9bacd0051597b63d?pvs=21), Trail of Bits (https://www.notion.so/Trail-of-Bits-2fc06d2570f281c3bfd4e8b6a91e2645?pvs=21), Code4rena (https://www.notion.so/Code4rena-2fc06d2570f2816b8fcbf199ae458ad0?pvs=21), Spearbit (https://www.notion.so/Spearbit-2fc06d2570f281cf8ba5ca45e8d1e523?pvs=21)",Digital Defense,"Emerging smart contract audit standards, liability frameworks developing","Formal verification tools, static analysis, runtime monitoring","Ongoing, maturing rapidly"
Secrets-as-a-Service,$3B+,30%,$500M (secrets management),,"Programmable access control and secrets management layers. Determines WHO can access WHAT data WHEN, distinct from encryption layer.","Mysten Labs (Sui), Lit Protocol, Privy","a16z, Paradigm, HashiCorp (traditional)",,,Phala Network (https://www.notion.so/Phala-Network-2ff06d2570f281d1a101ea8df1db0a5f?pvs=21),Digital Defense,"Key management compliance, enterprise security standards","Threshold cryptography, access control lists, key derivation",2-4 years for adoption
Communication & Messaging,$5B+,25%,$800M (secure messaging),,"End-to-end encrypted, decentralized messaging and communication protocols. Enables private communication without centralized intermediaries.","XMTP Labs, HOPR, Waku, Status, Session","Signal Foundation, Protocol Labs, Status Network",,,"XMTP Labs (https://www.notion.so/XMTP-Labs-2fc06d2570f2813ebd0df7f4b02b7e69?pvs=21), HOPR (https://www.notion.so/HOPR-2fc06d2570f2818595afd7450509b754?pvs=21), Waku (https://www.notion.so/Waku-2fc06d2570f281238054fefb3adf6b3a?pvs=21)",Digital Defense,"Encryption debates ongoing, backdoor mandates in some jurisdictions","E2E encryption, metadata protection, decentralized routing",2-4 years for web3 messaging adoption
Governance Tooling,$50B+,45%,$5B (DAO tooling),,"DAO governance frameworks, voting systems, and collective decision-making tools. Enables coordination without centralized authorities.","Safe, Argent, Aragon, Compound Governor, Tally, Snapshot","Major DAOs, Ethereum Foundation, a16z",,,"Safe (https://www.notion.so/Safe-2fc06d2570f28130bc44c783f0a96a19?pvs=21), Snapshot (https://www.notion.so/Snapshot-2fc06d2570f281a18718ee86b4a680a5?pvs=21), Argent (https://www.notion.so/Argent-2fc06d2570f281dc9b14c38739383ef7?pvs=21), Aragon (https://www.notion.so/Aragon-2fc06d2570f2814296b0edb2d382078d?pvs=21), Compound Governor (https://www.notion.so/Compound-Governor-2fc06d2570f281838188ea5457080888?pvs=21), Tally (https://www.notion.so/Tally-2fc06d2570f281e193cbdee610ad2821?pvs=21)",Digital Coordination,"DAO legal frameworks emerging (Wyoming, Marshall Islands), securities considerations","Multisig, voting mechanisms, delegation, timelock",2-5 years for broader adoption
Decentralized Monetary Infrastructure,$500B+,25%,$150B (stablecoins),,Decentralized stablecoins and monetary systems without central bank control.,"DAI, Circles/CirclesUBI, Ethena","MakerDAO, Ethereum Foundation, central banks (watching)",,,"DAI (https://www.notion.so/DAI-2fc06d2570f28143b4f4db0d14aa197b?pvs=21), Circles (https://www.notion.so/Circles-2fc06d2570f28177bf9fef08337b7c45?pvs=21), Ethena (https://www.notion.so/Ethena-2fc06d2570f2810bb653c81342052384?pvs=21)",Digital Coordination,"Stablecoin regulations emerging globally, MiCA in EU","Collateral management, oracles, stability mechanisms",1-3 years for regulatory clarity
Epistemic Infrastructure,$15B+,40%,$1B (prediction markets),,"Prediction markets, fact-checking systems, and tools for improving collective epistemics. Combats misinformation through decentralized truth-finding.","Metaculus, Polymarket, CheckMateSG, Deepsafe","Good Judgment Project, forecasting community, media orgs",,,,Digital Coordination,Gambling regulations apply to prediction markets in many jurisdictions,"Outcome oracles, reputation systems, information aggregation",3-7 years for mainstream adoption
Democratic Funding Mechanisms,$10B+,50%,$500M (QF/RetroPGF),,"Quadratic funding, retroactive public goods funding, and novel mechanisms for allocating resources to public goods without centralized decision-making.","Gitcoin, Optimism RetroPGF, Octant, Hypercerts","Ethereum Foundation, Optimism Collective, Protocol Labs",,,"Hypercerts (https://www.notion.so/Hypercerts-2fc06d2570f281df8fe2caf5bc2931f1?pvs=21), Octant (https://www.notion.so/Octant-2fc06d2570f281689d39f7e2666b52cb?pvs=21), Gitcoin (https://www.notion.so/Gitcoin-2fc06d2570f28189a6bad1f42b6e9b6d?pvs=21)",Digital Coordination,"Grant-making frameworks, charitable giving regulations vary","Sybil resistance, quadratic voting, impact measurement",2-5 years for mainstream adoption
Oracle Networks,,30%,$8B,,Decentralized data feeds connecting blockchains to real-world information.,"Pyth, Chronicle, RedStone, Chainlink",,,,"Chainlink (https://www.notion.so/Chainlink-2fc06d2570f28171832af93a388d0514?pvs=21), Pyth (https://www.notion.so/Pyth-2fc06d2570f281cb83aae351fa9e4a35?pvs=21), Chronicle (https://www.notion.so/Chronicle-2fc06d2570f281cf829ce3c7ee83cdcf?pvs=21), RedStone (https://www.notion.so/RedStone-2fc06d2570f281d89455e3213614dba4?pvs=21)",Digital Coordination,,,
Cross-Chain Infrastructure,,,,,Cross-chain messaging and bridging for blockchain interoperability.,"LayerZero, Axelar, Wormhole, CoW Protocol, UniswapX",,,,"LayerZero (https://www.notion.so/LayerZero-2fc06d2570f281da88eff4e0db118836?pvs=21), Axelar (https://www.notion.so/Axelar-2fc06d2570f2814bb7b9e4b9f8f0c40c?pvs=21), Wormhole (https://www.notion.so/Wormhole-2fc06d2570f281b4bd86f109d1bd95d7?pvs=21), CoW Protocol (https://www.notion.so/CoW-Protocol-2fc06d2570f281a2a2dac6f59850d4ae?pvs=21), UniswapX (https://www.notion.so/UniswapX-2fc06d2570f281fea106d0369003abc1?pvs=21), OriginTrail (https://www.notion.so/OriginTrail-2ff06d2570f28153801fd05ab77fc084?pvs=21), peaq Network (https://www.notion.so/peaq-Network-2ff06d2570f281f5a38be360efbcaf11?pvs=21), IoTeX (https://www.notion.so/IoTeX-2ff06d2570f281768ce0fe7c3db63ea8?pvs=21)",Digital Coordination,,,
Data Availability & Storage,,,,,Modular data availability layers and decentralized storage for blockchain scalability.,"Celestia, EigenDA, Avail, Filecoin, Arweave, The Graph",,,,"Celestia (https://www.notion.so/Celestia-2fc06d2570f28145b73dd9e4135cab9d?pvs=21), Filecoin (https://www.notion.so/Filecoin-2fc06d2570f281e28d21fa3cd66cc75b?pvs=21), Arweave (https://www.notion.so/Arweave-2fc06d2570f2810c805dd43c62676c7b?pvs=21), EigenDA (https://www.notion.so/EigenDA-2fc06d2570f281198493e2e19a44d028?pvs=21), Avail (https://www.notion.so/Avail-2fc06d2570f281039d29e69315d74ac4?pvs=21), The Graph (https://www.notion.so/The-Graph-2fc06d2570f28134888afc7c0571f7dd?pvs=21)",Digital Coordination,,,
Streaming & Treasury,,,,,Token streaming protocols and programmable treasury management.,"Sablier, Superfluid, Llamapay",,,,,Digital Coordination,,,